login,active_time
2023-12-17 07:23:57,46.809898853302
2023-12-17 07:25:34,0
2023-12-17 07:25:52,0
2023-12-17 07:26:04,0
2023-12-16 21:26:59,0
2023-12-16 22:10:56,1205.4902353286743
2023-12-16 23:31:18,0
2023-12-17 00:24:54,0
2023-12-18 08:58:28,1024.6878917217255
2023-12-18 14:00:30,980.086439371109
2023-12-19 01:21:06,3077.8546912670135
2023-12-20 00:36:50,3035.9014780521393
2023-12-21 09:29:19,3384.2938005924225
2023-12-22 14:00:05,3925.4390964508057
2023-12-23 17:09:40,945.4418480396271
2023-12-23 18:05:10,893.6682772636414
2023-12-25 14:33:48,985.3466806411743
2023-12-25 16:35:55,0
2023-12-26 15:43:00,1110.59517288208
2023-12-26 18:21:51,754.1805415153503
2023-12-28 12:19:28,1025.0979599952698
2023-12-28 14:34:36,881.633208990097
2023-12-28 16:11:31,853.3565201759338
2023-12-28 18:14:50,1916.4793214797974
2023-12-29 13:01:44,1123.2617971897125
2023-12-29 15:06:59,1204.9862916469574
2023-12-29 17:00:18,1060.4306588172913
2023-12-29 18:54:44,1694.2912080287933
2023-12-30 13:29:48,1009.5076992511749
2023-12-30 15:21:31,0
2023-12-30 15:45:07,1732.120736837387
2024-01-01 13:09:43,1320.8263335227966
2024-01-01 15:48:59,2360.736483335495
2024-01-01 18:18:13,2073.5536427497864
2024-01-02 13:32:12,0
2024-01-02 14:02:13,0
2024-01-02 15:13:35,0
2024-01-02 16:15:24,1237.6340770721436
2024-01-02 17:10:22,1267.6242575645447
2024-01-04 13:16:53,1308.5630915164948
2024-01-04 19:13:45,1152.5873055458069
2024-01-05 00:16:03,0
2024-01-05 00:31:43,2338.3729145526886
2024-01-05 03:11:48,62.765928983688354
2024-01-05 03:47:12,62.68958759307861
2024-01-05 04:18:19,62.72006678581238
2024-01-05 04:43:46,62.683544874191284
2024-01-05 05:15:55,62.83417057991028
2024-01-05 05:47:22,62.805877685546875
2024-01-05 06:18:01,62.7448513507843
2024-01-05 06:44:35,62.74055552482605
2024-01-05 07:13:16,62.73885250091553
2024-01-05 07:45:48,62.73966717720032
2024-01-05 08:20:59,62.73182725906372
2024-01-05 08:50:37,62.732362031936646
2024-01-05 09:15:37,62.684067726135254
2024-01-05 09:47:39,62.7424099445343
2024-01-05 10:21:36,62.72087478637695
2024-01-05 10:48:15,62.88751220703125
2024-01-05 11:22:05,62.84724736213684
2024-01-05 11:52:15,62.88082242012024
2024-01-05 12:37:08,1244.3843851089478
2024-01-05 15:39:14,1086.934473991394
2024-01-05 16:48:11,0
2024-01-06 00:19:22,1805.409521818161
2024-01-06 01:15:45,63.06595993041992
2024-01-06 02:08:01,62.65719509124756
2024-01-06 02:37:04,62.79779815673828
2024-01-06 03:07:52,62.75199794769287
2024-01-06 03:39:48,62.71870803833008
2024-01-06 04:08:04,62.753724575042725
2024-01-06 04:33:03,62.73450255393982
2024-01-06 05:03:38,62.70486807823181
2024-01-06 05:38:07,62.72125792503357
2024-01-06 06:09:36,62.693925857543945
2024-01-06 06:35:30,62.7115957736969
2024-01-06 07:05:22,62.713412046432495
2024-01-06 07:40:16,62.68279194831848
2024-01-06 08:13:54,62.700870752334595
2024-01-06 08:47:28,62.6825475692749
2024-01-06 09:18:28,62.7256817817688
2024-01-06 09:53:37,62.67681121826172
2024-01-06 11:18:38,2348.8283421993256
2024-01-06 14:01:02,37.53018927574158
